UC1,UC2,UC3,UC4,IUC
60.500000,26.365114,30.195046,22.660659,43.453470
61.000000,25.037145,34.748772,22.807804,44.265620
53.000000,22.979428,27.131351,21.222304,38.388847
49.500000,20.141296,23.614835,19.897433,35.358927
59.500000,20.549258,31.946343,21.182727,42.029721
59.500000,25.652547,28.804392,21.821940,42.463146
59.500000,28.527702,31.142333,22.501460,43.445249
58.500000,23.851951,29.539968,21.546804,41.739787
49.500000,18.653679,26.480279,19.751182,35.564190
55.000000,24.205581,25.469271,20.893341,39.261366
58.000000,24.623584,31.431300,22.082580,42.022911
55.000000,20.361302,25.623081,20.424902,38.568214
55.500000,19.435277,28.582743,20.575661,39.182280
58.500000,23.269971,31.195930,21.467629,41.905588
52.000000,19.659128,25.088646,19.461878,36.701608
62.500000,20.646193,31.270518,21.215420,33.908033
58.000000,22.007168,28.251279,21.024352,40.880466
53.000000,21.243129,27.771525,20.395178,38.068305
58.000000,23.872731,29.767663,21.789795,41.571698
57.000000,20.319501,30.764167,21.077713,40.526897
54.000000,20.127747,29.276152,20.742288,38.691031
54.500000,18.545374,28.735782,20.163724,30.486220
50.500000,23.748920,28.169359,20.692448,37.351788
55.000000,20.390373,27.713458,20.525431,38.938210
61.500000,24.402665,32.649480,22.261509,43.968942
54.500000,19.922919,28.498190,20.254759,38.695978
58.500000,26.680733,32.508766,22.773149,42.910441
55.500000,19.596766,28.120874,20.923477,39.190186
57.500000,23.764452,31.350131,21.993537,41.601353
54.500000,24.866225,26.822522,21.304818,39.415594
57.000000,22.148591,28.515318,21.481767,40.524279
62.000000,24.428046,29.466429,22.517347,43.735304
54.500000,21.299956,28.493057,21.031788,39.054133
61.000000,21.671982,27.420501,21.155014,42.207916
57.000000,18.036962,26.993934,20.077173,30.527017
58.500000,18.974952,28.495056,20.724975,31.673746
58.000000,26.234897,29.894635,22.169853,42.049898
57.500000,24.652163,29.804559,21.882330,41.473175
63.500000,26.545361,27.835054,22.668163,44.591430
54.000000,19.803811,26.918041,20.302353,38.170701
57.500000,23.174788,29.730451,21.324325,41.121594
56.000000,21.422642,31.631164,21.654612,40.451403
54.500000,20.998349,29.523062,21.271543,39.215492
55.000000,20.799718,27.884097,20.210499,38.982386
60.500000,20.606376,30.413862,21.250099,42.295056
50.000000,18.826061,23.925913,18.876357,35.271389
58.500000,25.819368,29.691712,21.923066,42.155691
55.500000,19.041303,26.798344,20.568564,38.818035
54.000000,24.267439,28.963814,21.083602,39.385809
56.500000,25.028637,29.071273,21.565846,40.860959
61.000000,28.111756,29.348545,22.003574,43.743979
56.500000,21.401171,30.770314,21.664724,40.556035
59.500000,26.074053,29.297891,22.331977,42.700653
56.000000,19.155037,27.378165,19.984196,39.086233
57.500000,28.201112,35.211619,23.506889,43.236603
58.000000,25.373842,31.762925,22.374291,42.251843
56.000000,20.198649,30.322402,21.413068,31.983530
57.500000,19.499522,27.080769,20.109001,39.864882
57.000000,20.526041,27.734861,20.772785,40.005614
59.000000,20.805867,28.248761,20.849415,41.150674
60.500000,29.631739,34.694399,24.063368,44.981584
57.500000,20.368716,28.156254,20.429468,40.242406
57.500000,27.320731,32.508370,22.613460,42.490427
57.000000,22.956223,31.075148,21.947034,41.163068
55.000000,20.478772,25.867626,20.390919,38.622886
59.000000,24.221175,31.678709,21.899385,42.466545
55.500000,20.789217,27.146017,20.646890,39.180354
60.500000,21.679253,30.124938,21.405015,42.451534
60.000000,23.225394,27.557638,21.596277,42.063218
60.000000,24.305682,30.163773,22.015037,42.747415
55.000000,18.718095,28.381308,20.377517,30.619230
53.500000,20.750324,27.940139,21.168662,38.393188
57.000000,21.155050,27.711552,20.376187,40.040465
55.000000,22.021972,26.113024,20.916972,39.008661
56.000000,20.672791,30.989588,21.672776,32.333789
57.000000,22.142888,27.699957,21.093409,40.322709
48.000000,21.116727,27.166382,20.394765,35.446312
64.000000,25.026974,30.743542,22.286676,45.009532
56.000000,30.169215,28.720909,22.064490,41.492436
58.500000,22.963665,31.492039,21.500972,41.909446
53.000000,22.080266,27.470657,21.270962,38.303648
57.500000,20.148770,30.575021,21.201842,32.356408
60.500000,25.003831,32.361743,22.448919,43.552415
59.000000,24.996352,30.143344,22.188391,42.388014
57.000000,19.125873,27.806337,20.058744,39.665159
58.000000,23.424749,28.084677,21.068922,41.096391
59.000000,24.292180,30.817943,21.829903,42.323338
57.500000,22.768790,28.870963,21.617455,40.959535
57.000000,18.900761,27.858168,20.324496,39.680571
55.000000,25.654618,30.991678,21.978577,40.604146
60.500000,19.092295,28.505054,20.412593,41.584990
63.500000,25.176811,31.035346,22.336126,44.841381
60.000000,22.171228,29.797477,21.159020,42.187954
55.000000,18.872157,26.304351,19.888771,38.344213
62.500000,27.135200,34.789970,23.328068,45.458873
60.000000,20.262250,28.678655,21.068740,41.668274
56.000000,23.101924,28.167680,21.262535,40.088690
56.500000,21.897035,27.080192,21.054503,39.921955
56.000000,26.561923,29.659536,22.320458,41.090320
60.000000,23.791411,29.271466,21.650961,42.452306
59.500000,28.228436,33.108692,23.132786,43.828319
59.000000,24.206343,27.355204,21.636620,41.699694
58.000000,22.420017,30.532396,21.830476,41.463815
57.000000,20.158165,26.700385,20.473167,39.721953
59.000000,27.399412,30.553603,22.794229,42.957874
61.500000,28.931110,27.968267,22.960623,44.060000
49.500000,20.171085,26.742393,19.931346,35.890804
55.500000,18.669470,26.142599,19.736991,38.508177
60.500000,26.000487,34.257179,23.098218,44.142647
57.500000,23.260782,28.216818,21.677665,40.942544
61.500000,25.351129,29.672961,22.212191,43.622714
56.000000,20.241550,27.240681,19.872651,39.225814
54.000000,20.827353,26.191445,19.992220,38.168503
57.000000,24.410396,33.094370,22.653806,41.859762
56.500000,23.961662,28.347151,21.211606,40.503403
57.000000,19.188992,27.687470,20.198361,39.679137
54.000000,20.900600,28.351879,20.646033,38.649752
63.500000,23.122681,31.130517,22.195429,44.491438
65.000000,24.461589,34.958724,22.853944,46.212376
60.500000,22.181411,30.227065,21.650872,42.593225
55.000000,21.718216,26.540456,20.413068,38.945290
52.500000,21.825950,26.073284,20.386998,37.631039
59.000000,22.552266,29.613243,21.086680,41.708698
59.000000,24.684424,33.056491,22.979177,42.953349
56.000000,22.902951,29.157585,21.995256,40.342632
52.500000,20.505615,28.218001,20.422875,37.774415
53.500000,19.516882,30.153530,20.597221,38.461272
55.000000,23.203739,28.973389,21.767963,39.824182
56.500000,19.243262,27.781986,20.020518,39.424295
58.500000,20.701338,28.502016,20.978283,40.946940
58.500000,23.303315,31.872207,22.238286,42.152301
52.000000,18.103557,24.266283,19.543284,36.318854
54.000000,21.029070,27.629770,20.873833,38.588779
59.500000,22.102215,30.272527,21.505701,42.063407
52.000000,20.214096,27.458198,20.626156,37.383075
58.500000,23.575200,29.350979,21.905591,41.721962
58.500000,22.420908,31.851742,21.879768,41.942070
54.500000,23.292111,27.624758,21.253915,39.278464
59.000000,22.781859,30.557925,21.830971,42.028459
57.000000,22.645353,28.822430,21.750861,40.703107
60.500000,24.100255,30.048354,22.067384,42.952666
55.000000,27.044199,29.981725,21.956213,40.663689
56.500000,28.908597,32.201536,22.865081,42.245869
62.000000,27.111111,33.708426,23.250361,45.011650
55.000000,20.700131,28.673687,20.790688,39.194084
55.500000,22.183200,26.669243,20.625770,39.329702
58.000000,23.354029,32.224855,22.100785,41.946612
55.500000,21.044851,26.372549,21.102498,39.169983
58.500000,24.460072,31.201903,21.377994,42.089995
55.500000,23.759123,27.775413,20.998018,39.838759
65.000000,25.946694,32.772943,23.004732,46.120728
52.000000,21.783530,24.174877,20.365952,37.054060
54.500000,20.564722,27.271898,20.544638,38.646876
55.000000,20.379377,28.171954,21.069148,39.103413
57.500000,22.327338,29.563242,21.550628,40.990201
54.500000,21.952355,28.636254,21.054813,39.190570
51.000000,20.026800,26.751799,20.089352,36.644658
51.000000,20.627143,27.864300,20.567728,37.009862
53.500000,17.697067,22.740062,19.285392,36.703753
55.000000,20.094234,29.000164,20.545194,39.106599
51.500000,23.993911,28.572152,20.733402,37.966578
55.500000,21.337222,28.033599,21.042980,39.485634
57.500000,26.002855,29.325087,21.775830,41.600629
58.500000,24.024379,30.229825,21.880206,41.939068
56.500000,21.420365,29.045181,21.321818,40.214561
54.000000,17.267895,25.138187,19.099943,37.251004
59.500000,25.616158,31.484850,22.215098,42.969351
66.500000,29.715575,32.021742,23.278911,47.419371
54.500000,23.568743,27.196781,20.806403,39.178654
59.000000,25.484088,26.039053,21.455777,41.663153
59.500000,22.551854,30.286394,21.317924,42.109362
59.000000,22.676123,30.079552,21.605910,41.893598
57.500000,22.947174,31.538217,21.311669,41.382843
54.500000,22.009942,29.529050,20.638350,39.279557
52.000000,22.995272,27.234314,20.716176,37.824294
59.500000,23.236327,30.576513,22.130566,42.407234
58.000000,26.351427,27.790886,21.955363,41.682946
57.000000,24.410943,31.123171,22.405371,41.489914
54.500000,18.810197,26.794788,19.883180,38.164694
52.000000,19.797050,23.661042,19.454449,36.485424
62.500000,30.145971,29.750166,23.161460,45.092933
62.500000,23.169526,31.429872,22.477480,44.096146
54.000000,22.230119,26.485663,21.111713,38.637916
57.000000,20.976368,29.025895,20.972370,40.329106
61.000000,23.368563,30.393997,22.572128,43.222448
55.500000,19.222866,29.511630,20.398711,31.158302
53.500000,18.317648,26.587337,19.737618,37.523767
61.000000,25.245972,28.181566,22.112445,43.089997
54.500000,21.590925,25.273791,20.514431,38.479858
55.000000,24.103374,29.053325,21.753970,39.985111
59.000000,25.554590,29.415509,21.923803,42.315650
55.500000,21.614082,29.103802,20.815307,39.672199
55.000000,21.616486,27.938314,20.711707,39.211085
59.500000,23.798240,30.287550,21.776051,42.393640
56.000000,23.774803,27.132894,21.351617,40.043219
57.500000,20.631117,30.468555,21.397607,32.499320
61.000000,21.652114,31.692965,21.559417,42.984083
56.000000,17.804295,24.800054,19.384636,38.331497
59.000000,25.756952,28.740385,21.609650,42.184498
54.000000,19.299982,25.379365,19.412043,37.681898
58.000000,19.481126,27.725782,20.031024,40.206322
57.500000,22.920536,30.179000,22.145578,41.290852
62.000000,22.197799,30.294625,21.825677,43.386350
55.500000,22.093406,25.631137,20.673864,39.149735
59.000000,21.540900,29.057566,21.270335,41.478133
55.500000,20.058515,27.338823,19.973829,38.978528
53.500000,18.054369,26.956187,19.464517,37.495846
53.500000,19.630383,24.424066,19.950302,37.417458
57.000000,21.939366,34.660321,22.221324,33.955252
60.000000,25.634146,28.055656,22.240189,42.654998
56.000000,22.455201,31.553908,22.009809,40.669820
55.000000,20.676967,27.924294,20.476751,39.013002
54.500000,19.781623,26.931332,20.043089,38.376007
58.000000,24.987327,29.910603,22.903869,41.966966
58.500000,23.534203,27.880703,21.276010,41.365153
52.500000,20.545564,29.559402,21.027135,38.105350
60.500000,19.955163,29.894110,21.359608,32.927220
54.000000,19.079060,26.200086,19.486026,37.794195
59.500000,19.162100,29.030840,20.645421,32.084590
51.500000,19.893226,24.514302,20.160836,36.511394
48.000000,20.246075,24.871867,19.712009,34.804992
64.000000,26.443538,32.372196,23.078307,45.649007
50.500000,18.361112,24.062736,19.233777,35.526271
58.500000,24.976106,29.954093,21.978850,42.068175
58.000000,27.183888,30.742624,22.325767,42.375380
58.000000,24.195197,28.956265,21.468169,41.436605
53.500000,21.323265,29.081701,20.799123,38.617348
58.500000,26.027606,32.076571,22.629106,42.705547
59.500000,23.449029,29.761724,21.846605,42.259559
52.000000,20.342658,27.862432,20.692837,37.482988
61.500000,20.430765,30.392875,21.433470,33.439278
54.000000,22.147521,26.746963,20.383664,38.546358
58.500000,25.686216,32.191357,23.387385,42.794159
55.000000,20.129039,29.543353,20.494257,39.194441
56.500000,19.418315,27.794593,20.694159,39.567844
62.000000,23.298031,31.353876,22.175775,43.804614
58.500000,21.881504,28.049807,21.363244,41.132426
66.500000,26.936450,34.541579,23.884560,47.477098
55.500000,19.366409,24.177221,19.793078,38.306118
57.000000,22.914165,31.092839,21.393547,41.066758
59.500000,21.750847,30.123151,21.499529,41.978921
58.000000,26.702773,28.418051,21.854176,41.829167
55.500000,26.167193,28.872689,21.593045,40.522155
59.500000,21.772291,30.030525,21.318070,41.936814
63.500000,23.704253,29.912290,22.240946,44.392915
53.500000,21.971556,29.476255,21.137652,38.847577
56.500000,19.783348,25.592457,20.199746,39.179259
63.000000,23.928305,32.345342,22.372387,44.607672
53.000000,25.226225,25.103617,21.247849,38.429615
56.500000,24.033860,29.152187,22.802944,40.914832
54.500000,18.363891,27.507568,19.787367,38.193138
60.000000,27.778330,32.831593,23.586561,44.032747
55.000000,22.289735,26.350875,21.108671,39.124880
56.000000,20.761758,28.274856,21.229079,39.710949
53.000000,19.828544,27.496222,20.192230,37.752833
60.500000,23.763732,31.615392,22.227891,43.184503
58.500000,22.301783,28.218136,21.116128,41.189341
52.500000,24.108813,27.679547,21.286454,38.429136
52.500000,20.992908,27.057718,20.204485,37.625852
67.000000,30.880220,35.323013,24.017010,48.536707
57.000000,20.315321,28.428262,20.272518,40.002683
60.000000,24.339019,32.101697,22.476348,43.152844
55.000000,20.599957,27.534705,20.519307,38.942328
60.500000,28.930199,29.470027,22.288029,43.698042
59.000000,22.518370,29.624688,21.387930,41.755165
60.000000,25.152334,29.401343,22.431410,42.830848
57.500000,20.502675,27.223243,21.034393,40.210052
55.000000,19.961095,28.197982,20.332697,38.915296
55.000000,23.658308,29.188361,21.355990,39.867110
55.500000,25.151991,27.946018,21.677657,40.212611
64.000000,25.849067,33.821454,23.317901,45.831404
55.500000,21.741596,26.647320,20.685284,39.262367
54.000000,18.141196,25.337432,19.596318,37.512491
60.500000,27.662304,29.295573,22.062942,43.420137
59.000000,22.599257,28.916460,21.400645,41.652727
55.500000,22.186813,28.004335,20.681846,39.562166
62.000000,23.783531,30.676071,21.941976,43.733596
57.000000,21.854023,30.866467,21.798875,40.919894
62.000000,25.802436,33.024131,23.053321,44.646648
57.500000,21.318195,28.785241,20.647416,40.541809
58.500000,25.695014,28.068194,22.007926,41.878522
59.500000,28.849672,34.100577,23.498127,44.158063
60.500000,25.807336,31.571625,22.349035,43.537999
57.500000,18.986694,27.448990,20.194556,39.855040
57.000000,28.704888,29.048133,22.595347,41.891395
60.500000,22.428889,32.563494,21.948558,43.073490
58.000000,24.220578,28.323793,21.728808,41.378863
53.000000,24.677196,29.273553,21.704650,39.109233
58.500000,27.787336,34.410828,23.556144,43.542385
58.500000,28.968955,33.475017,23.616773,43.593458
56.500000,24.564208,27.775805,21.591783,40.571966
59.000000,24.439787,31.092856,22.123404,42.442675
57.500000,27.793711,31.665836,22.747946,42.451249
52.000000,18.957285,28.132945,20.208574,37.216467
58.000000,19.792339,28.344669,20.578806,40.452636
55.500000,27.947366,30.373935,22.857688,41.279831
59.000000,29.068052,32.762212,23.252265,43.680421
58.000000,21.282245,27.836751,20.500636,40.603272
64.000000,21.135855,30.826515,21.709431,34.417950
58.500000,21.826290,26.562821,21.010500,40.816602
58.500000,21.629193,28.637861,20.807615,41.095778
59.000000,21.895166,28.650701,20.875777,41.403607
57.000000,25.179243,30.728601,22.089729,41.499595
57.000000,24.113136,26.101023,21.080167,40.382388
60.500000,21.284369,28.430764,21.058317,42.045575
60.500000,19.735273,26.485615,20.628161,41.391508
55.500000,27.940430,31.976877,22.697092,41.519067
62.500000,20.143134,28.235747,20.304606,42.697248
61.500000,21.413713,29.150982,21.331354,42.732675
57.500000,24.450522,28.785237,21.712176,41.241323
64.500000,34.961450,36.037361,24.775005,48.212303
58.000000,21.827922,32.297515,21.753735,41.646529
54.500000,18.678074,27.514856,19.906606,38.266589
55.500000,21.501856,30.124329,21.334135,39.910053
51.000000,18.216811,26.386770,19.472103,36.179281
54.000000,22.322969,31.131368,21.763785,39.536354
55.000000,20.795458,26.138103,19.975155,38.651453
55.500000,23.985408,26.140651,21.188035,39.635682
54.500000,19.506663,26.341996,20.157821,38.251080
55.500000,18.014983,28.438661,20.332174,30.571455
60.000000,24.661532,29.644872,22.200534,42.751156
59.500000,25.326632,31.432756,22.596691,42.976013
60.000000,27.312005,31.134799,22.674591,43.520233
62.500000,22.165748,28.279384,21.034967,43.163350
63.000000,25.497143,30.220877,22.462294,44.530052
57.000000,21.012213,28.384492,20.607330,40.167339
54.500000,22.058810,30.732964,21.089294,39.563511
47.500000,19.210906,24.121952,19.144582,34.162907
55.500000,23.617550,31.243457,21.957190,40.553033
60.500000,25.113104,32.737512,22.779702,43.688386
53.000000,21.169439,26.306646,20.424044,37.816688
65.000000,23.379004,29.819673,22.025759,45.037406
59.500000,21.620196,31.688300,21.403652,42.202025
53.000000,23.684918,28.655852,21.188128,38.754816
59.000000,22.152791,29.507943,20.939661,41.600066
50.000000,20.849763,24.605631,19.694948,35.858390
58.000000,20.582239,32.161645,21.525005,33.067222
52.500000,21.409096,26.553521,20.379854,37.640412
55.000000,19.792274,27.905059,20.332262,38.838266
65.000000,24.523621,31.761195,22.127787,45.568767
58.000000,19.865358,27.642036,20.536884,40.340713
55.500000,27.041607,34.049551,23.413848,41.834168
56.500000,23.221488,30.564014,21.084974,40.728413
59.000000,28.677683,30.902567,22.737491,43.219624
57.500000,22.457329,26.538394,20.700852,40.366096
52.500000,19.150515,26.678980,19.853249,37.197124
57.000000,24.556134,28.837272,21.792685,41.031015
52.500000,20.815187,26.070408,20.213048,37.433107
58.500000,21.146773,28.639493,21.117431,41.067283
57.500000,27.956247,30.253630,22.546022,42.209316
49.500000,17.300331,25.238764,19.046704,35.014300
54.500000,25.466291,24.572439,21.098334,39.106177
60.500000,25.610761,31.543466,22.698017,43.558707
58.000000,26.381395,29.534890,22.552750,42.078173
58.000000,18.648522,26.956579,20.147970,39.958845
55.500000,23.178166,30.678817,21.586218,40.323867
54.000000,17.832684,26.975772,19.447334,37.709298
61.500000,22.543380,27.831357,21.348138,42.703812
55.500000,23.099026,31.237436,21.611040,40.407917
50.500000,20.976499,25.309004,20.017657,36.300527
59.500000,27.481718,33.926363,23.370787,43.879811
61.500000,20.320214,28.358202,20.864766,42.340530
59.000000,20.936745,27.129160,20.880200,40.991017
55.500000,20.405020,29.296493,20.615561,39.469512
57.000000,21.007052,31.450994,21.507764,32.741453
56.500000,19.033343,27.822546,20.206844,39.427122
61.500000,23.638316,30.845379,22.323928,43.551271
55.000000,22.524373,28.511706,20.896992,39.488845
59.000000,23.088052,28.295428,21.745673,41.688192
50.000000,19.391814,26.441602,19.702554,35.922662
64.000000,27.981051,30.979860,22.975786,45.656116
55.500000,23.644590,28.642617,21.340805,40.021335
60.000000,23.115549,28.036773,21.082955,42.039213
62.000000,23.339942,31.558262,22.858165,43.959395
52.500000,20.655580,27.889705,20.013103,37.676398
58.000000,18.596856,27.578930,20.336828,31.128154
52.500000,24.158817,27.036203,21.187390,38.313735
60.000000,24.258936,30.566339,22.393727,42.869833
53.500000,23.041830,25.568519,20.663963,38.295719
60.500000,24.445727,28.948342,21.619317,42.752231
62.500000,26.410554,34.120081,23.990186,45.336804
61.500000,22.802899,32.284230,22.568383,43.692585
58.500000,22.769017,31.307873,22.328099,41.984165
53.500000,23.716334,28.583247,20.810605,38.935031
54.500000,23.719799,28.393618,21.254882,39.478050
54.000000,18.780341,25.683274,19.344257,37.634645
60.000000,25.046347,31.229034,22.445902,43.120214
53.500000,22.620586,25.664058,20.731712,38.252726
56.000000,23.612070,29.168244,21.716096,40.416068
52.500000,24.633284,29.029812,21.780585,38.823947
53.000000,19.773631,27.783597,20.043435,37.766777
61.500000,24.002127,30.103449,22.464185,43.511627
54.000000,22.279932,29.183831,21.441997,39.150960
58.500000,22.510293,29.685080,21.499337,41.532452
56.000000,18.488309,27.803010,20.220810,39.085355
55.500000,27.766544,23.932206,21.626341,39.970849
57.500000,21.216209,28.649213,21.084578,40.575000
59.500000,25.032919,27.974379,21.907184,42.235747
59.000000,22.282401,30.870792,21.732283,41.980913
53.500000,19.474143,25.495764,19.965872,37.572630
57.500000,21.308773,29.456503,21.071691,40.722828
61.500000,27.159746,29.828401,22.806974,44.049187
59.500000,21.494781,30.055560,21.385271,41.905935
53.000000,20.836015,27.443490,20.698258,37.996294
57.500000,25.829604,31.404947,22.557305,42.048643
58.500000,20.766083,28.018393,20.985183,40.878276
53.000000,19.967953,27.415815,20.164903,37.758112
57.000000,25.885743,32.433528,22.547727,41.977833
54.500000,20.944280,27.663169,20.297691,38.734190
56.500000,22.134560,29.196108,21.143183,40.328975
57.000000,19.117463,25.965080,20.095114,39.362943
58.500000,21.437019,28.099915,20.992518,41.004909
59.500000,23.845202,26.658248,21.563082,41.761089
57.000000,20.455154,29.367478,20.675344,40.249663
60.000000,21.084167,28.578881,20.922851,41.764317
59.500000,25.164835,30.590724,22.320867,42.762738
46.000000,15.871199,25.213186,18.125385,32.868295
54.000000,23.347944,30.530944,21.729424,39.601385
60.000000,22.454534,26.741590,21.253012,41.741523
61.000000,26.075831,31.110267,22.534607,43.786784
56.500000,26.103602,25.880808,21.726127,40.535089
62.000000,25.757483,34.357100,23.050208,44.860799
58.500000,21.782316,29.872181,20.843714,41.333035
63.500000,22.342171,32.862137,22.550361,35.313667
59.500000,20.001715,28.908066,20.748964,41.359791
58.000000,24.371592,30.213624,21.814254,41.733245
56.500000,20.830891,27.145893,20.358277,39.639177
68.000000,25.259308,32.200825,23.198673,47.443134
56.000000,20.794127,28.408524,21.382346,39.764166
60.500000,21.762163,28.736987,20.999864,42.166502
60.500000,23.943230,32.585114,22.389603,43.402991
57.000000,23.909860,32.573289,22.354486,41.639606
57.000000,27.149844,31.658725,21.834968,41.940589
55.500000,24.255986,27.704869,21.588735,40.008265
51.500000,20.191235,27.703546,20.433624,37.138068
49.500000,19.265861,26.872417,19.469884,35.684694
64.000000,27.787816,31.092551,22.278398,45.526461
58.500000,22.689841,29.854235,21.646263,41.615056
66.000000,22.461209,31.288257,22.490241,35.559927
60.500000,23.311348,31.168555,22.283898,43.043967
56.500000,18.619973,26.245030,19.787830,39.025472
58.000000,23.936301,31.441520,22.197584,41.929234
53.000000,17.602936,24.766162,18.813650,36.697125
57.000000,30.199214,33.028558,23.586313,42.969014
50.500000,17.419610,27.221755,19.146377,35.881290
58.500000,22.380539,27.479384,20.877985,41.039651
59.000000,22.513461,31.712499,21.936080,42.193673
62.000000,22.518396,33.121687,22.399384,44.006578
59.000000,26.476329,31.296273,22.264990,42.839599
57.000000,24.382567,29.556791,21.209700,41.024843
60.500000,28.176345,34.289230,23.751069,44.619441
53.500000,22.690421,29.804635,22.207757,39.200469
58.500000,25.060432,31.113983,21.918816,42.265539
60.000000,22.360761,29.304928,22.113846,42.296589
52.000000,18.783312,26.468655,19.846173,36.849690
59.500000,23.580704,32.520497,22.637929,42.873188
61.500000,23.911797,34.474490,23.147340,35.758407
57.000000,22.648629,29.453315,21.294501,40.732741
63.500000,27.587911,36.917125,23.727020,46.455343
59.500000,26.266378,31.115028,22.483303,43.060785
59.000000,23.377675,30.757077,21.454823,42.098262
55.500000,23.361694,28.917380,21.731917,40.085165
56.500000,21.560100,27.285347,20.697832,39.840547
56.500000,24.143977,30.151185,21.812452,40.934602
54.500000,17.120922,26.609932,19.657217,29.472018
63.000000,23.830533,31.317472,22.531195,44.446533
57.000000,25.612857,28.395290,22.065621,41.178961
58.500000,21.258924,29.280410,21.091117,41.188409
53.500000,23.540625,31.872478,21.806735,39.619973
57.500000,25.989062,31.310135,22.211543,42.001790
64.000000,24.294798,32.100605,22.732134,45.187923
58.500000,25.594864,28.846643,21.741815,41.947220
54.500000,21.196592,27.806674,20.544185,38.841242
56.000000,22.934701,27.272783,21.111114,39.886433
60.000000,19.876412,30.370676,21.259094,32.876545
61.500000,27.991095,32.016755,22.956666,44.577419
58.500000,21.628277,26.492224,20.445280,40.677630
57.500000,23.965993,29.903592,21.691400,41.343498
55.000000,20.843043,29.403623,20.678766,39.320905
65.500000,23.517358,32.901170,22.687096,45.934271
61.000000,24.407102,29.734306,22.061513,43.200487
58.000000,26.018818,31.383958,22.320643,42.287237
52.000000,19.402092,26.051102,20.407216,36.976735
55.500000,21.845927,29.017466,21.312562,39.779326
56.500000,21.728558,28.718506,21.361217,40.218047
59.000000,19.576348,29.532906,20.349693,41.076491
61.000000,22.487579,30.782295,21.748623,43.003083
54.000000,20.397188,28.257519,20.382116,38.506137
56.500000,26.310997,28.250883,21.980744,41.007104
56.000000,19.846166,28.906508,20.303082,39.509293
58.500000,21.700944,30.715214,21.536718,41.575479
60.000000,24.260336,28.515246,21.649147,42.404121
59.000000,22.407322,31.451621,21.761157,42.103350
57.500000,25.637703,29.273068,21.820645,41.538569
49.000000,16.038612,24.339530,18.628320,34.334410
55.000000,24.858725,27.724563,21.533270,39.852760
57.000000,23.486786,33.914226,22.341960,41.790495
58.000000,24.350848,28.738494,21.440789,41.421688
59.500000,22.058193,28.069844,21.294226,41.653711
53.500000,21.671901,30.310256,20.787581,38.878290
57.500000,26.912413,30.720164,22.524329,42.109484
57.000000,22.282917,27.634139,21.144849,40.343651
60.000000,20.782001,27.701867,21.321125,41.634165
59.000000,22.679360,29.948664,21.983902,41.935321
60.000000,23.384955,29.671821,21.963243,42.503336
57.500000,27.290363,28.237481,22.175246,41.700515
57.000000,23.728183,30.399843,21.998539,41.187761
57.500000,21.472652,29.168313,21.167397,40.718060
58.000000,22.725932,28.777696,20.936550,41.073363
60.000000,22.242512,28.018438,21.304349,41.927550
61.500000,23.203398,30.678517,22.172266,43.425697
55.000000,25.254965,31.523872,22.128113,40.651158
56.000000,29.624196,26.976867,22.383718,41.164130
63.500000,23.501813,29.264521,21.790895,44.176205
57.500000,18.903446,25.433168,19.705428,39.423674
51.500000,21.798726,23.319301,19.804306,36.570389
57.000000,19.493119,25.336542,20.150543,39.330034
57.500000,21.211138,31.987273,21.538553,41.206161
56.500000,19.516259,27.752973,20.497269,39.544417
58.500000,22.481385,31.439924,22.527419,41.991455
52.000000,20.564393,26.720496,20.359217,37.274018
55.500000,17.306025,26.255004,19.002321,38.177225
50.000000,18.958080,24.210194,19.205873,35.395691
57.500000,23.676887,27.943538,20.843450,40.827312
61.500000,24.746773,29.739936,22.485534,43.578707
56.500000,29.008629,25.837787,21.967037,41.052242
56.500000,20.609215,25.697884,20.141723,39.324804
54.500000,19.586003,26.553015,19.937517,38.262756
54.000000,26.961445,29.385617,22.196547,40.090601
57.500000,22.567371,28.107994,21.464246,40.773269
53.500000,22.031775,30.219381,21.197216,38.991395
58.500000,22.764039,28.201148,20.561161,41.171058
58.500000,26.432476,28.936035,21.946456,42.135828
61.500000,26.554056,33.533424,23.272275,44.643293
54.500000,21.512428,25.091475,19.930465,38.339061
55.000000,21.396898,27.069068,20.509585,38.995925
60.500000,25.143935,33.410872,22.569258,43.770677
55.500000,25.735078,28.250232,21.468688,40.325666
59.000000,24.935416,29.981290,22.441349,42.393009
56.000000,22.522060,30.418685,21.711198,40.441990
53.500000,21.878232,26.271418,20.406549,38.176033
59.000000,25.965825,29.240845,22.541159,42.457972
55.500000,25.785864,28.302690,21.244117,40.305445
56.500000,25.401977,27.194333,21.698601,40.632485
58.500000,22.223712,29.840221,21.764653,41.554764
60.000000,34.910479,34.287850,24.728545,45.654479
62.500000,24.306797,28.206170,21.488711,43.583613
55.000000,26.591399,29.589386,22.148974,40.554960
56.500000,22.189929,26.613592,20.400681,39.784034
65.500000,24.189826,32.955071,22.785802,46.071783
65.000000,29.329131,34.235248,23.446669,47.001841
52.500000,21.489729,28.236178,20.792035,38.002990
54.000000,22.578464,27.745195,20.968021,38.881947
61.000000,28.337694,34.448524,23.694693,44.913485
60.500000,19.718644,30.993752,20.808153,42.170091
59.500000,20.387458,27.363454,20.882162,41.188846
59.500000,24.015949,29.986793,22.108848,42.435265
64.000000,23.284349,33.359460,22.695960,45.223295
50.000000,16.374721,25.135963,18.507927,35.003102
54.000000,24.757414,29.014063,21.421071,39.532091
54.000000,18.845030,27.054984,19.561169,37.910197
58.500000,24.288715,28.715890,22.143296,41.774650
58.000000,24.752988,32.734272,22.719396,42.367776
58.500000,25.360683,34.786185,22.753547,43.066736
55.500000,21.433197,28.125242,21.270954,39.554899
56.500000,22.798776,28.333482,20.619107,40.208561
59.000000,27.853131,29.384746,23.024951,42.877138
55.500000,27.700105,31.820472,22.403852,41.404072
52.000000,19.319824,25.955224,19.672639,36.824614
65.000000,24.142244,32.934367,22.233669,45.718380
58.500000,23.238170,28.317923,20.493474,41.258261
56.000000,24.862946,31.554205,22.097245,41.085733
50.000000,21.098601,24.890202,20.122949,36.018625
58.500000,29.511556,30.332613,22.503309,42.974580
56.500000,28.348788,31.341961,22.699325,41.981679
58.500000,23.770821,29.418309,21.512020,41.700192
60.000000,20.601770,27.396167,20.823304,41.470207
63.000000,29.962688,34.386149,23.765472,46.185718
54.000000,20.418414,25.503421,20.306067,38.037984
59.500000,25.205751,30.496754,22.077960,42.713411
57.000000,23.031897,29.937697,21.707626,40.946203
61.000000,21.612525,30.119264,22.071399,42.800531
56.000000,26.919238,29.091049,21.705694,40.952664
58.000000,23.829358,28.275505,21.142342,41.207867
56.500000,26.187337,30.029374,22.422949,41.356610
59.000000,19.916462,29.121676,21.139739,41.196313
65.000000,23.186531,33.017254,22.687114,45.648483
57.000000,19.630662,27.924831,20.665249,39.870124
52.000000,23.882188,28.165789,21.225296,38.212212
49.500000,22.794574,28.206603,20.933876,36.739176
60.000000,23.406609,30.434933,21.645423,42.581161
54.000000,18.919288,25.348135,19.263000,37.588404
56.500000,25.527699,26.855964,22.215379,40.683174
61.500000,23.482939,29.954571,21.894153,43.305277
53.500000,21.758766,29.575326,21.609776,38.907311
56.500000,23.637034,30.548411,21.987180,40.945438
59.500000,20.750485,28.964461,21.100605,41.552592
52.000000,21.678587,23.102877,20.156428,36.822982
63.500000,26.594765,34.029202,23.223067,45.724506
51.500000,22.590875,27.176484,20.809432,37.512799
54.000000,20.020167,26.854757,20.171249,38.174362
57.000000,19.499549,27.322935,20.357245,39.696621
56.000000,25.328546,30.308581,22.222167,40.976549
58.000000,25.041319,30.778240,21.944703,41.960710
57.000000,21.822103,29.642012,21.310657,40.629129
66.000000,29.831816,33.770475,23.780358,47.563775
59.500000,22.677214,30.257483,21.695983,42.188447
52.000000,22.440256,28.335646,21.276267,38.008695
55.000000,20.751946,28.906288,20.661225,39.219910
57.000000,20.484578,30.577256,20.932611,40.499074
55.500000,22.172531,29.680293,20.714301,39.844521
55.000000,23.150749,27.493566,21.170739,39.469176
64.000000,26.882992,33.652479,23.146529,45.947000
54.000000,23.121915,25.759061,20.562010,38.573831
60.000000,23.824506,28.051072,21.672552,42.258022
62.500000,23.993253,32.683062,22.048891,44.370868
54.500000,22.981779,29.767264,21.577511,39.637759
59.500000,27.829970,32.075152,22.813683,43.536468
55.000000,20.618043,29.899158,21.281369,39.466428
56.000000,21.050505,27.515428,20.674653,39.540098
58.000000,24.679758,27.572333,21.187093,41.239864
58.000000,25.053610,28.587911,21.619247,41.543461
62.000000,25.851243,29.383798,22.476998,43.952007
58.000000,24.318738,31.013478,21.961557,41.882295
61.000000,23.627015,30.349197,22.134680,43.185149
55.000000,18.376211,27.410367,19.932834,38.453235
62.500000,22.500407,31.940699,22.141577,44.013781
59.000000,26.495615,32.277807,22.526622,43.050007
58.000000,22.265347,28.864682,21.492420,41.103742
58.000000,24.720170,33.202460,22.506895,42.404921
60.500000,25.601645,33.297332,22.908392,43.884561
59.500000,25.508048,32.733419,22.664762,43.234371
53.000000,24.757869,29.599815,21.260146,39.102972
58.500000,29.831796,33.174833,22.979552,43.581030
62.000000,23.413064,31.053980,21.810620,43.712944
57.000000,20.290844,28.003395,20.608218,39.983743
47.000000,19.405266,25.797329,19.437128,34.273287
54.000000,23.448993,33.566317,22.388661,40.233995
53.000000,20.616230,27.842426,20.777608,38.039377
47.500000,18.670642,24.474742,19.109645,34.125838
56.500000,22.313451,29.317802,21.589550,40.453467
58.500000,23.359019,28.825977,21.534209,41.536534
51.500000,16.532069,27.466482,19.244270,28.685705
60.500000,23.915217,32.070146,22.687765,43.362188
57.000000,23.116724,27.983663,21.268600,40.561498
55.000000,16.617700,25.014687,18.783235,37.569270
62.500000,21.333424,29.818957,21.511501,43.360647
56.000000,18.584172,27.751041,20.109242,30.611114
61.000000,22.572106,30.952514,21.607930,43.022092
61.000000,28.399675,31.041282,23.053126,44.249014
63.500000,26.091016,32.523213,22.833041,45.324545
60.500000,23.923270,30.096453,21.966567,42.914382
56.000000,27.627556,30.230597,22.827094,41.447541
53.500000,22.097700,26.206961,20.850029,38.275782
58.000000,22.374542,29.797049,21.327860,41.249908
58.500000,23.357580,29.589564,21.762104,41.701541
62.000000,22.573593,33.743564,22.510863,35.207005
59.000000,25.290501,32.682855,22.922998,42.982726
60.000000,21.562541,29.959866,21.894528,42.236156
64.000000,24.947645,32.749144,23.005320,45.450351
55.500000,17.199188,24.449239,19.090968,37.873233
58.000000,24.554255,30.448189,21.868349,41.811799
64.500000,27.568071,34.885610,23.964320,46.653000
54.500000,20.911237,25.793074,20.410182,38.435749
56.000000,21.162747,33.133022,21.542940,32.959677
63.500000,23.707765,31.544446,22.522005,44.712369
55.000000,20.538367,27.574791,20.222095,38.889209
52.000000,19.836345,29.187437,20.212893,37.539446
56.500000,22.978709,24.748102,21.080735,39.717924
57.000000,20.683900,27.962764,20.606638,40.042217
58.000000,22.939413,28.325843,21.311388,41.096107
55.500000,22.245328,31.637035,21.658562,40.340154
60.500000,27.048407,31.841886,22.180387,43.761780
55.000000,25.645022,29.752388,21.791896,40.364884
53.500000,21.132789,29.068811,21.171347,38.645491
63.000000,23.802121,31.950545,22.350280,44.517158
63.000000,23.415993,31.908646,22.220317,44.424159
57.000000,22.231003,28.994270,21.662904,40.648030
57.500000,20.883288,29.858072,21.096764,40.723021
56.000000,24.862389,27.901647,21.916951,40.446831
61.500000,22.586174,28.665026,21.368480,42.853280
60.500000,21.903164,31.431488,22.177995,34.003162
58.500000,27.550286,33.094375,23.506289,43.275158
59.500000,22.872617,31.511420,21.702076,42.431019
58.000000,21.996731,29.368730,21.099248,41.077451
56.500000,19.526565,29.431169,20.864584,39.887053
62.500000,22.395067,29.633301,21.537747,43.511019
63.500000,24.265703,30.568368,22.095762,44.571639
52.500000,21.909111,27.079125,20.828518,37.886126
57.000000,29.381683,30.971665,22.932647,42.380999
66.000000,26.546396,32.766390,22.967419,46.713367
55.000000,24.201060,31.846632,21.774035,40.470288
62.500000,22.321426,31.334158,21.469996,43.770930
48.500000,16.117012,24.855595,18.347027,34.136606
55.000000,22.728487,28.956322,21.475529,39.693390
56.000000,22.777794,30.179828,21.353173,40.385133
60.000000,21.043172,28.821807,21.089265,41.825707
55.000000,20.955742,29.108531,20.750823,39.302516
55.500000,23.952180,29.300492,21.310219,40.177149
54.000000,19.828670,26.722196,20.157910,38.118129
56.000000,23.355016,29.692920,22.019465,40.511234
57.500000,21.395790,31.698141,21.598316,41.198708
57.000000,22.049329,29.090625,21.148889,40.548141
56.500000,20.353985,29.993837,20.809577,40.109567
51.500000,21.032825,26.178575,20.216214,36.987936
56.500000,22.420865,28.651171,21.442694,40.335788
57.000000,27.482126,30.356779,22.416895,41.875967
59.500000,24.421924,32.670183,22.464887,43.009499
61.000000,23.211944,30.452404,22.262592,43.154490
57.000000,24.030706,30.315491,22.039883,41.231013
59.500000,26.092336,32.206334,22.813262,43.268655
51.000000,18.367874,28.911514,19.678692,36.659680
61.500000,20.982112,28.200908,21.148914,42.471989
52.500000,22.100173,25.187656,19.945138,37.455495
58.500000,20.730231,29.390762,21.175019,41.132669
56.000000,21.065631,29.575591,20.474815,39.852673
56.000000,25.178485,29.884024,22.205733,40.878040
57.500000,17.982342,26.107200,20.118003,39.451258
60.500000,27.591988,33.719174,23.479055,44.381703
58.000000,22.222033,30.579615,21.396175,41.366304
53.500000,21.685859,29.596432,20.738449,38.753457
61.500000,23.222042,33.730159,22.566914,44.003186
57.000000,21.035822,29.208512,20.913521,40.359643
62.000000,24.355575,32.352720,22.612081,44.220063
59.500000,23.059580,28.884309,21.622371,42.011043
62.000000,25.995800,32.205585,23.561681,44.627178
51.000000,22.499076,26.101227,20.579532,37.029972
53.000000,20.124741,29.702854,20.502851,38.221741
57.000000,25.904415,27.745898,21.719899,41.061702
52.500000,20.349697,27.179006,20.297480,37.554364
60.500000,27.024443,31.668411,22.904308,43.849527
60.500000,22.508605,29.844741,22.101180,42.659088
49.500000,18.372995,23.030306,18.848874,34.792029
55.500000,21.318413,28.091962,21.059201,39.494929
60.500000,26.248033,33.128406,23.068245,43.990781
55.000000,22.521550,26.617999,20.879821,39.169895
56.500000,19.568461,26.970232,20.004827,39.340587
57.000000,23.499202,29.380459,21.628619,40.918047
58.500000,21.850382,30.660597,21.832442,41.640570
60.000000,20.902060,27.255056,21.106796,41.543985
57.500000,25.390709,29.562515,22.033112,41.581056
61.500000,21.142966,30.405844,21.739579,42.964732
57.000000,22.966605,28.028741,21.751720,40.624511
57.000000,22.520048,27.941309,21.799623,40.543497
55.000000,20.497816,28.966077,20.983164,39.241176
62.000000,22.730998,32.427002,22.093427,43.875238
54.000000,23.403711,26.755770,20.798452,38.826322
54.000000,20.495186,28.303844,20.720296,38.586554
55.000000,20.713508,27.213962,20.186833,38.852384
60.000000,27.968776,33.781510,23.343153,44.182240
52.500000,22.081692,29.704512,21.596457,38.480443
58.000000,23.933047,29.932152,22.122655,41.664642
55.500000,26.051289,29.300178,22.495065,40.724422
57.500000,22.443404,29.947890,21.771293,41.110431
57.000000,24.226090,27.679144,20.918744,40.637330
60.500000,26.045229,34.352289,23.093707,44.165204
54.500000,17.555133,27.420530,19.952461,29.857031
60.000000,24.447923,30.077507,21.871840,42.732878
62.500000,28.852611,29.199192,22.510576,44.677063
55.500000,19.978418,28.375369,20.351863,39.200942
55.000000,20.830078,25.624823,20.291782,38.624447
54.500000,24.882455,31.634286,22.008779,40.337587
65.500000,32.178620,31.026313,23.810280,47.252535
57.000000,22.827310,29.341282,21.165191,40.722297
61.000000,25.109432,30.914639,22.654332,43.613067
60.000000,25.337017,31.399230,21.961381,43.116271
62.000000,23.813854,30.504548,21.882418,43.700137
57.000000,20.802106,26.768106,20.277671,39.807980
59.500000,23.225389,30.390370,21.785108,42.316811
56.500000,20.957472,28.231309,20.853588,39.923728
60.500000,22.171704,28.333806,21.409848,42.235893
55.000000,27.315084,31.090364,22.376480,40.963655
53.500000,20.071800,25.387946,20.033076,37.665470
61.500000,26.171192,30.569681,22.502670,43.957257
56.500000,24.302142,31.160610,21.982504,41.157543
55.000000,21.948850,29.628693,21.252790,39.638389
62.500000,22.480197,32.225223,22.512906,34.929581
52.000000,23.833414,29.654941,21.850183,38.556423
56.000000,19.030857,25.658760,19.772810,38.743738
54.000000,18.106843,27.670062,19.688116,37.910837
60.500000,24.781159,30.031642,22.227954,43.090126
59.500000,18.648884,26.166738,19.966178,40.546967
56.500000,16.612868,26.873231,19.489287,29.868846
59.000000,20.011404,28.501149,20.813938,41.054415
56.500000,20.151481,27.094023,20.460984,39.534415
54.000000,20.704251,28.129762,20.506937,38.556825
55.000000,20.745870,26.549115,20.272909,38.761316
57.500000,24.861482,28.847540,21.997619,41.367774
56.500000,24.716633,27.919796,21.524383,40.610135
56.000000,23.876139,30.534726,22.114069,40.754156
56.500000,21.461262,30.218799,21.676116,40.476029
61.500000,28.105128,32.324219,22.124650,44.509000
57.500000,23.369686,30.123386,21.729499,41.287095
55.500000,18.364791,29.414008,19.944125,30.805731
60.500000,24.638244,28.515499,22.076712,42.788409
53.500000,23.753157,28.206383,21.239541,38.949847
58.000000,22.932836,33.289317,22.278858,42.083502
65.000000,23.123478,29.793643,21.715820,44.938823
65.000000,27.803309,33.976291,23.991309,46.795151
59.000000,24.903123,32.543085,22.527630,42.828973
63.500000,30.829243,31.668660,23.199782,46.032948
55.000000,25.955518,31.041849,22.436303,40.738945
56.000000,19.695682,30.794350,20.907650,31.849420
59.500000,20.880181,28.517657,20.786686,41.447421
58.000000,25.478650,31.137822,22.281707,42.149696
49.500000,21.659693,27.569298,20.465183,36.365696
54.000000,21.461547,27.134587,21.148515,38.624108
54.500000,20.904563,28.656331,21.289494,39.058398
56.500000,20.097778,29.292082,20.804667,39.949088
57.500000,21.275370,30.284581,21.016932,40.846147
57.000000,20.657356,28.612072,20.646166,40.152599
61.000000,21.877048,28.635221,21.398339,42.485101
53.500000,20.359944,31.235587,20.675151,38.795114
55.500000,23.879901,27.995597,21.644515,40.003336
57.000000,23.170461,27.522085,21.829336,40.586980
59.000000,23.003012,28.897980,21.601224,41.750370
56.500000,24.013059,32.592896,22.524491,41.438408
57.500000,22.970847,31.066516,21.691470,41.371472
64.000000,27.765358,33.377183,23.442349,46.097482
62.000000,22.826164,29.302924,21.394047,43.253856
61.000000,21.802715,28.837396,21.527901,42.528002
50.500000,21.894176,25.946920,20.381877,36.620495
60.000000,22.893678,29.794822,21.609185,42.382947
55.500000,19.035513,27.648681,20.351684,38.922646
56.500000,20.378623,28.440743,20.750046,39.844902
53.000000,22.965450,24.903238,20.858107,37.954466
59.500000,21.515780,29.032775,21.025339,41.678982
58.500000,19.560906,29.732077,20.806282,32.149816
59.500000,23.131624,28.296719,21.495168,41.903918
60.500000,23.112176,33.939836,22.654666,43.534446
56.000000,22.062290,28.565989,21.173324,39.966934
54.000000,20.301067,28.364067,20.283819,38.491492
58.000000,21.825053,29.092612,21.254209,41.028646
62.500000,28.915272,34.304170,23.570857,45.715050
54.000000,18.393131,26.558964,19.712334,37.777405
50.500000,22.277402,24.127860,20.274939,36.363367
59.000000,24.547288,28.136979,21.181382,41.810941
53.500000,19.821399,28.803538,20.109501,38.205740
56.500000,20.856977,25.599763,20.602714,39.426576
60.500000,20.489666,28.222978,20.792847,41.834248
55.500000,24.922169,26.448930,21.208889,39.846665
55.000000,19.148122,26.531211,19.812039,38.415229
54.500000,22.556365,30.461942,21.776782,39.715848
55.000000,23.708836,28.262825,21.029221,39.666814
56.500000,21.556544,30.105317,20.919374,40.346873
56.000000,19.838673,30.031673,20.852990,31.680834
54.500000,22.459904,27.935618,21.317245,39.202128
51.500000,19.085035,28.382435,19.930773,36.983041
63.000000,25.307399,33.792605,22.832848,45.155475
55.500000,25.634745,32.685600,22.322610,41.190492
60.000000,24.245475,28.925432,21.613911,42.464136
64.500000,29.465746,31.416524,22.474805,46.142846
61.000000,25.234231,31.970185,22.867961,43.845396
58.000000,23.606607,27.162198,21.956900,41.120951
53.000000,19.414205,26.394635,19.574662,37.397250
58.500000,25.111318,32.939444,22.750758,42.716920
63.000000,24.518294,31.300603,22.706485,44.587564
60.000000,25.485437,30.178121,22.699801,43.060560
58.000000,23.373566,29.932255,21.701584,41.501234
61.500000,25.861605,35.270422,23.764754,44.899463
57.500000,19.716682,28.471611,19.968224,40.109420
63.500000,22.137137,30.958201,22.180187,44.295921
62.500000,23.164634,31.693390,22.031357,44.064897
56.500000,20.475180,25.414627,20.664895,39.342450
58.000000,23.277009,32.235642,22.164016,41.946111
60.000000,24.836368,31.458474,22.281709,43.096092
55.500000,27.274562,24.910607,21.747900,40.072178
49.500000,18.991288,27.050186,19.654559,35.699339
56.500000,20.594956,25.159894,19.888419,39.190545
56.500000,20.739117,28.383815,20.435950,39.843147
54.000000,20.292280,27.785356,20.330912,38.401425
59.000000,21.237825,29.802507,21.320009,41.560057
61.000000,24.715177,35.644480,23.175414,44.422512
54.500000,20.149533,28.248643,20.808279,38.784409
60.500000,22.251630,30.822843,21.994342,42.761469
56.000000,26.102049,33.020327,22.617726,41.623350
65.500000,28.965736,33.314060,23.609002,47.064800
64.000000,29.225586,33.091149,23.592605,46.318223
56.500000,26.031819,28.393766,21.451630,40.896202
50.000000,20.937254,25.361685,19.873297,36.028706
61.500000,21.832664,29.712262,21.339448,42.897396
63.500000,27.517234,31.920122,23.112431,45.508298
66.000000,24.608740,30.965222,22.183463,45.959571
59.500000,30.217621,30.469662,23.205294,43.732096
53.500000,20.884833,28.034578,20.535659,38.325845
62.000000,23.013903,32.942919,22.097155,44.008996
58.500000,20.973481,26.832848,20.515045,40.636896
60.000000,21.672233,28.995848,21.677585,42.057611
56.000000,25.047152,31.746389,21.862961,41.109417
56.500000,15.171205,26.437758,18.810513,29.229869
64.000000,27.282587,32.086340,22.465480,45.639068
53.500000,23.697173,28.724878,21.569396,39.081908
58.000000,20.169834,27.975865,21.067918,40.535603
61.000000,26.124231,32.897608,22.744695,44.127756
55.500000,20.510103,28.468588,20.171770,39.275077
62.500000,29.519547,29.281658,23.039935,44.890190
59.000000,21.080654,29.069329,21.363269,41.418875
64.000000,24.145943,34.667799,23.296728,36.527617
54.000000,21.996774,25.840228,20.672141,38.418191
54.500000,23.547186,27.173883,21.059815,39.213481
54.500000,24.075490,28.112339,21.352536,39.506727
49.500000,26.330468,25.996871,21.361845,37.031531
57.000000,25.888861,25.203779,21.624213,40.619476
58.000000,24.781398,31.906194,22.044475,42.122011
59.500000,25.284483,29.490885,21.858642,42.522335
62.000000,23.189830,27.179722,21.107404,42.912826
58.000000,21.222791,27.769750,20.641789,40.605722
57.500000,22.474651,28.419560,21.188670,40.763814
58.000000,27.203623,30.720257,22.526533,42.408402
57.000000,21.678797,28.042957,20.948297,40.278342
55.500000,22.299941,26.724073,21.107952,39.438661
62.500000,27.399776,31.327539,22.747819,44.829189
53.500000,21.685738,31.184433,21.585251,39.159237
53.500000,20.036416,27.362608,20.326755,38.037630
59.500000,27.275971,31.428591,22.734845,43.323235
59.000000,22.040389,32.514017,22.366064,33.980117
59.500000,25.346041,30.085251,21.598301,42.588265
57.000000,21.181239,26.974600,20.824168,39.996668
58.000000,21.472117,27.713589,20.903993,40.681616
53.500000,20.617073,28.159969,19.966936,38.207330
50.500000,25.998115,24.656018,20.785465,37.156599
55.000000,22.605262,29.016412,21.657854,39.713255
56.000000,23.652089,30.882138,21.792432,40.721110
55.000000,23.977654,29.740273,21.207531,39.987576
55.000000,22.787150,27.545100,21.019663,39.391985
55.500000,21.180378,28.654734,20.639713,39.495804
56.000000,25.754044,30.267656,22.407218,41.071486
55.000000,23.414520,26.437022,21.364688,39.369372
52.500000,24.152228,26.052822,21.114713,38.136627
55.000000,20.677680,30.209206,21.999358,31.971561
58.000000,22.298372,28.467546,21.293810,41.009955
53.000000,16.755956,24.903243,18.754572,36.568962
58.000000,22.484755,32.083578,21.943994,41.752055
65.000000,26.917233,31.405251,22.515715,45.973033
51.500000,19.406475,23.454622,19.378030,36.123188
61.000000,27.323975,34.557498,23.783620,44.777515
57.000000,19.093447,28.089337,20.345982,39.754794
66.000000,28.712887,35.527022,24.107800,47.724618
56.500000,26.523138,31.599071,22.398589,41.670133
56.500000,22.763337,28.990425,21.330604,40.430728
57.000000,20.898695,27.776288,20.739572,40.069093
57.000000,22.801660,28.142632,21.287599,40.538649
56.500000,24.824648,30.384282,22.387853,41.182797
53.000000,18.694466,28.690325,20.121151,37.750990
60.000000,19.842710,27.821540,20.752703,41.402826
52.500000,20.503915,26.104887,20.748543,37.476224
57.500000,22.865435,26.719990,20.962760,40.508031
59.500000,20.948272,32.863808,21.699894,33.752993
55.000000,25.261969,29.387467,21.157666,40.134517
53.000000,18.661171,27.056470,19.702760,37.403400
56.000000,22.509676,29.757866,21.622145,40.314948
56.500000,18.804659,27.728816,20.201546,39.372504
55.500000,22.752778,27.835349,20.986608,39.679123
52.500000,21.198119,28.303898,20.843196,37.974202
60.500000,22.289148,31.979144,21.744034,42.918721
63.500000,25.104307,29.911584,21.845247,44.560190
58.000000,20.191564,29.035438,20.893297,40.686717
61.500000,22.952737,31.370346,21.950777,43.462310
55.500000,22.044613,27.296184,20.466552,39.384558
53.000000,21.901474,28.755318,20.890588,38.424563
58.000000,22.515428,29.945465,21.795932,41.376137
56.500000,24.393309,34.664065,22.460594,41.836328
52.500000,20.028659,22.434485,19.557919,36.586844
55.500000,19.583293,27.485998,20.537171,39.017744
58.000000,22.817293,27.807354,21.494226,41.019812
49.500000,21.789495,26.102457,19.996304,36.064709
60.500000,20.640417,30.195833,20.984575,42.220138
63.500000,25.271496,34.412929,23.196513,45.563490
60.500000,29.214942,31.708466,22.717783,44.190199
63.000000,27.727842,31.952889,23.153046,45.305629
54.500000,19.043930,27.507988,20.304253,38.392695
60.500000,21.912926,30.468202,21.475831,42.559493
62.500000,21.679483,27.372649,21.054472,42.934434
60.500000,23.661964,32.798893,22.619574,43.430072
54.500000,19.922969,27.930965,20.010985,38.560820
57.000000,20.659835,30.756754,21.527813,32.486100
62.000000,19.634674,30.928488,20.805258,33.342105
53.000000,23.603610,28.856488,21.071819,38.755319
56.500000,18.632639,29.023128,20.522999,31.169691
53.500000,19.793237,26.467222,20.281171,37.840272
55.500000,22.298047,29.586669,20.879339,39.877342
59.500000,24.186975,31.751985,22.360100,42.799844
55.000000,18.741735,26.767296,20.053196,38.427038
60.500000,23.538413,31.772860,21.924299,43.122595
59.000000,26.740803,31.618767,22.509436,42.978168
56.500000,21.991441,25.337641,20.794055,39.603856
51.000000,20.500441,29.721033,20.440363,37.276973
55.500000,22.261361,26.831525,21.041346,39.439039
54.000000,19.665092,29.273787,20.505070,38.573992
59.500000,18.841111,28.233268,20.474099,31.762120
60.500000,25.609328,32.529810,22.598593,43.706289
56.000000,26.963040,32.449759,22.598292,41.668515
57.000000,24.860437,31.193812,22.530653,41.597484
58.000000,23.754611,29.682215,21.749843,41.531112
54.000000,19.152510,25.225370,19.834287,37.702028
56.500000,22.549486,28.055017,20.919963,40.170744
55.500000,21.238705,26.928562,20.180237,39.141251
60.500000,24.279612,28.761641,22.184106,42.787560
59.500000,23.818586,29.354258,21.148636,42.136913
55.000000,20.494841,26.528157,19.901242,38.654040
